<?xml version="1.0" encoding="UTF-8"?>
<project-private xmlns="http://www.netbeans.org/ns/project-private/1">
    <editor-bookmarks xmlns="http://www.netbeans.org/ns/editor-bookmarks/2" lastBookmarkId="0"/>
    <open-files xmlns="http://www.netbeans.org/ns/projectui-open-files/2">
        <group>
            <file>file:/D:/notes/8th%20semester/Project%203/Bankoneer%20(A%20Complete%20Banking%20System)/bankoneer/src/cashier_loan_panel.java</file>
            <file>file:/D:/notes/8th%20semester/Project%203/Bankoneer%20(A%20Complete%20Banking%20System)/bankoneer/src/server.java</file>
            <file>file:/D:/notes/8th%20semester/Project%203/Bankoneer%20(A%20Complete%20Banking%20System)/bankoneer/src/newaccountopeningform.java</file>
            <file>file:/D:/notes/8th%20semester/Project%203/Bankoneer%20(A%20Complete%20Banking%20System)/bankoneer/src/login.java</file>
            <file>file:/D:/notes/8th%20semester/Project%203/Bankoneer%20(A%20Complete%20Banking%20System)/bankoneer/src/loan_department_form.java</file>
            <file>file:/D:/notes/8th%20semester/Project%203/Bankoneer%20(A%20Complete%20Banking%20System)/bankoneer/src/account_department_form.java</file>
        </group>
    </open-files>
</project-private>
